sentiment,text
2,Funny to think texting and driving with no hands is in our future thx to  Driverless Cars.  
2,Google's driverless car  part 3. when? 
3,I just saw a kid get pulled out of a Prius on a stretcher that got hit by a semi. Becoming a fan of driverless cars
2,Is this guy driving with his iPad? Google Driverless Car Punks NYC   does it again! 
2,"COOL!! As Google dreams of driverless cars, IDF deploys them  via "
2,"actually google has a project called google x, and it's making driverless cars and shit like that."
2,I'm really curious what impact driverless cars will have on transportation and car ownership in the future.
2,Pardon me future... go right ahead.  via  driverless driverlesscar google
2,RT  Another state just approved driverless cars  
2,Users do things you dont anticipate.   driverless car demo to halt by hitting kill switch VIDEO 
4,This is why we need driverless cars. 
4,"Google 's stocks are already skyrocketing, now the driverless are approved in CA !"
2,WATCH OUT!!  Google's driverless car now permitted on California roadways  by 
2, California approves law for Google's driverless cars 
3,"Driverless cars Humans are terrible drivers, computers only have to be less terrible "
2,California signed a bill to permit driverless cars on the road. Bill was entitled the Asians Off the Road Act
2,"A car that drives itself?Sounds awesomely futuristic,but is it safe?Heres how it works driverlesscarCES14"
4,I want a driverless car so bad.
1,Driverless cars? Now we gave 7000 lb weapons tied to remote control? I don't think so! No need exists. At all   
3,I need to move to Britain!  Driverless cars to hit public roads in Britain by January 2015 
4,So cool! RT  Score! California becomes second state after Nevada to legalize driverless cars 
2,are you going to drive this driverless car into manhattan? Are you going to always park for free in manhattan?
2,Just saw a google driverless car!
2,gotta be a van damme angle here!  Volvo Is About To Put 100 Driverless Cars On The Road In Sweden 
1,Google driverless car will not stop at a free puppy sign.  Bob Lutz Bigpicture
2,"Companies soon to optimize high fuel costs with driverless vehicles already legal in CA, NV, FL. SupplyChain Google "
3,driverless.....uber!
4,"Driverless cars will eliminate 80% of traffic in crowded cities, says MIT "
2,"i hacked my driverless car so now it just drives the streets at night alone, wondering where the time went why we're here how it will end"
2,Google's driverless cars are expected to become legal on California roads today. 
3, A trip in Google's driverless car via  googlecar futureride     bring it soon!
2,time for driverless vehicles driverless
2,Driverless Cars Now StreetLegal in California  
2,really I consider a subway to be a driverless car.
2,A UK town is replacing its buses with driverless pods  in FL we pay tolls2battle Disney busses to the death
2, Google reveals driverless car prototype... Skynet cc 
2,DMV ponders how to regulate driverless cars California must set guidelines by 2015. 
1,"Cannot jus trust the emergency brake, got block those wheels or a driverless truck barrels into "
2,Driverless Car forming 8pattern at Nathan Phillips square Toronto NuitBlanche Scotiabank SNBTO 
2,Driverless cars and Jevon's Paradox 
2,Apparently driverless cars require a dress code from the future 
3,Sometimes when I see the Google Drive app on my phone I get really excited because I think it will summon a driverless car to take me around
2,"...driverless cars, unmanned aerial vehicles, smart machines...  Implications endless."
0,"They're on about driverless automated cars, why waste the money? Get a fucking taxi"
3,I cant wait until Googles driverless cars take me on a less efficient route to my destination so as to pass by billboards deemed relevant.
2,"Sebastian Thrun Google's driverless car TED   short video about why this matters, it's more than sudoku"
3,"FBI warns driverless cars could be used as lethal weapons because regular cars can't, right? "
2,"You've heard of driverless cars, but what about carsthatfeel? Check it out!  LetsGoPlaces"
2,A driverless car invented by Google has completed over 300k miles and only had two accidents when humans in other cars hit it.
1,"Driverless cars are freaky, but hey more time for selfies."
2,Google unveils driverless car What could possibly go wrong? 
3,A look at the cas13 floor as I wait for the driverless car presentation. Sounds interesting! 
2,Burkhard Bilger Inside Googles Driverless Car  via 
2,We need to understand that driverless cars do not remove humans from the equation.   
2,Hot Fuzz. RT  British town will introduce fleet of driverless cars by 2015 
2,How Google got states to legalize driverless cars from  
2,How much longer will it be before  equips NYC with driverless cabs? Will you welcome or oppose this change?
4,was awesome last night . Seeing Google's driverless car at Stanford tonight. Is this heaven?
2,Google innovating a driverless car....
3,"bullseye RT  Who loses from driverless cars? insurance companies, because no one dies or crashes!  "
2,Continental has been testing a driverless car in Nevada too. 
2,"Google's vision, delivering packages with driverless cars  humanoid robots can happen. Amazon drone BS? No. LOL "
3,Why  thinks driverless cars will lead to new 3D printing innovation. 
2,Driverless cars legal in cali 
1,Interesting . Will driverless cars lead us down a jobless road?   
2,has better 'driverless' car solution than  ... 
2,. driverless car tested in Merced. That's just the beginning rockets drones    
2,Google's TrillionDollar Driverless Car  Part 4 How Google Wins  
3,Google has driverless cars??? WTF mindblown
2,Volvo is about to put 100 driverless cars on the road on Sweden
2,"Interesting take on what driverless cars will mean. The Future of Driving, via  fb "
1,"FBI Driverless cars could make criminals more dangerous. Also, criminals are more dangerous in cars than on horses! "
4,Selfdriving cars? Sounds good to me!   Headline  California okays driverless cars 
2,You mean to tell me we have driverless cars but vacums still sound like kingkong ? Why...
2,Google to build prototype of truly driverless car Google plans to build and launch onto city streets a small... 
2,Nissan announced in 2020 their model of the driverless car will be on the roads thefuture
2, Volvo Is About To Put 100 Driverless Cars On The Road In Sweden By Ben Schiller  via  NO!
2,i'm thinking of it something like a preview of the inevitable asimo falls over video for the driverless car 
2,Driverless car. GoogleSelfDrivingCar 
3,"As of August, google driverless cars have driven a total of 300000 miles with only 2 reported accidents both the fault of the human driver."
2, UK government announces that driverless cars will be allowed on public roads for trials..... This shouldn't be a issue smh
2,California okays driverless cars 
1,"I corrected some streets in my area on Open Source mapping, a few bridges aren't there any more. Driverless cars stay away from upstate NY."
3,Do you trust driverless cars? I do as long as they use Google Maps 
2,Do humans make bad drivers? Read then discuss   Burkhard Bilger Inside Googles Driverless Car via 
2,Can't be worse than drivers who text. RT  VIDEO Driverless Cars Headed to California Roads  Sara Welch Reports 
2,"After the driverless car, the driverless marriage. Hear it out based on each other's data input, computer creates conversation"
2,danah boyd  writes that any new tech panics those used to the status quo.  What will cause next panic? Driverless cars? RHEADD
2, Florida aims to lead driverless car revolution  via  
2,"So I had an idea for F1  teams can field a third car, but it must be driverless  no human input allowed. Totally autonomous."
2,"Ford, GM, Toyota Join UMs Driverless Vehicle Test ANN ARBOR, Mich. AP  The University of Michigan says... "
4,13 hour drive ahead of me...  driverless cars can't get here fast enough
0,"So google has a driverless car? They can take the steering wheel away from my cold, dead hands before i buy one."
2,"those may be obsoleted actually. If everything is driverless, what's the point in ever going slower than max speed?"
1,The FBI is concerned that driverless cars could be accomplices in driveby shootings.  
4,Wow!  Driverless vehicles? Even in the streets of D.C.? 
1,Brave new world andgt Driverless cars will make police chases 'lethal'   
2,FBI warns that driverless cars could be weaponized 
0,"Thanks for share. Driverless cars won't make us thinner, healthier, happier  Driverless cars and sprawl "
1,Can someone please explain the point of driverless cars? Seems like a solution looking for a problem to me. We already have taxis 
2,"Nope, because Google invested 258m in Uber. They will have the driverless cars  "
1,Love the picture NYTimes picked for the driverless car legalization story Google car IN crosswalk with people in front 
1,Every time I read a story about driverless cars I just get a shiver down my spine. Am I alone in this??
2,Moving to Wisconsin  Are driverless cars legal in your state? Check out this map  
3,this am 2 car accidents andamp 1 near miss at Metcalfe McLaren. time to test drive driverless cars in Ottawa ottvote somerset ottpoli
2,The driverless road ahead 
2,Google testing driverless cars in CA??
2,"I believe in the driverless world your auto insurance will be cheap, but if you still want to drive it'll be 2x cost of driverless"
1,hooli did it first.RT  Google's newest driverless car has no wheel or pedal and 2 buttons start and panic 
4,Jealous!  own  gets to ride in   driverless car!!  Still ready here to beta one! 
2,"And you thought the new iPhone was hitech...With a Push From Google, California Legalizes Driverless Cars  via "
2,Google to build prototype of truly driverless car Google plans to build and launch onto city streets a small... 
1,MT  Attitude of innovation   Driverless cars put taxis out of biz?Foster more wless 
2,Can the cops give a car a ticket?? Driverless cars have just started hitting the roads in California!!  
3,"Sadly, they're probably safer than most other cars RT  Driverless vehicle hits the streets of D.C. "
1,"Many scenarios concerning civil rights, spying, espionage, and corporate exploitation ensue with driverless cars. FutureTalk"
1,Hope we hang on to Right to Drive vindugoel Googles Next Driverless Cars No Brakes or Steering Wheel  codecon
1,Only in SF do taxi drivers realize their jobs likely won't exist in 10 years because of driverless cars. candidconversations
2,"Uber CEO Expect driverless cars, record funding round in the future Uber Technologies Inc. envisions the future... "
2,"Driverless tech First comes carriage ... then the law Gary Anglebrandt  Although a few states, Michigan... "
2,Esprito Santo State University uses Ubuntu for developing the driverless car in Brazil   linux
2,Watch Google's driverless car in action  via 
2,New Law Allows Driverless Cars On Michigan Roads LANSING WWJAP  Gov. Rick Snyder has signed a law allowing... 
2, Di Caro uses the last question to ask about driverless cars. Mocotranspo wild card question.
1,Must develop policies now to prevent this.  Toyota Official Driverless cars could encourage sprawl 
3,Driverless Cars Will Make Intersections So Efficient It's Scary 
3,Can the Google driverless cars drive my kids to soccer practice? That would TOTALLY help.
3,How driverless cars are here to stay and how many lives they'll save 
2,Driverless cars now legal in California. Maybe one day Gus Gus will arrive to take you to the wineries with no one at the wheel.
2,My family back in FL own three cars now driverless cars andamp Tampa regional rail would let them own 01.
0,Driverless cars?!! Wth!i honestly don't think that's a good idea..
1,Could technology lead to 50% unemployment? It's no secret that smart machines  think Google's driverless cars ... 
2,The future is here driverless cars... 
2,"Much like Corporations, driverless cars are people!"
2,PSA Trains are driverless cars in much the same way as airplanes are space shuttles. RT that again and get blocked  reported for spam.
2,Google driverless cars. Somewhere Hasslehoff is putting on his shades. 
1,Gov Brown's press conference was set in a dystopian future where billionaire cyborgs unleash armies of driverless cars 
3,Nerds galore! CA becomes 2nd state after NV to legalize driverless cars  robot automotive kitt knightrider ai
0,Driverless Cars Now StreetLegal in California ... a good reason to leave CA... no one is behind the wheel 
3,"go driverless to save on operating costs, and increase frequency?"
2,Cruise Automation is releasing a cheaper  sensor roof dispositive to compite with the driverless car of google
2,"TMLT though,  also said today that they will eventually replace their drivers with driverless cars "
3,How much revenue did Google make last year? 50billion. Billion. Where will it be in 10yrs when glass and driverless cars mature? Trillions?
3,"Hey FBI, driverless cars won't kill people. People will kill people."
2,In auto news Driverless cars can now be tested on Michigan roads.  
2," Driverless Cars Are Legal In Michigan, As Long As There's A Driver  "
2,What do you think you're doing?  I'm driving.  By hand?!  Driverless AudiA7  innovation
2,What Google's Driverless Car Future Might Really Look Like by  
2,"Google building truly driverless car with no brakes, steering wheel, gas pedals "
2,Qualcomm CEO Steve Mollenkopf shares his thoughts on driverless cars andamp more at codecon.  
2, What happens to car insurance in a 100% driverless car world? Time for auto insurance companies to innovate
1,betting on driverless cars is cool if you want to be underwater for a decade or two.
2,Burkhard Bilger Inside Googles driverless car.  
2,"Google Driverless Car and Skype Translate discussion,  on NECN  via "
4," Google's driverless cars, I'll take one!!!  by  "
3,Finally Google has started making cars ! Fully integrated driver less car prototype out there. No searing wheel. recode win
1,Beats driverless cars. RT  Google said to deploy WiFi blimps in Africa and Asia.  GOOG
2,The Driverless Car Tipping Point Is Coming Soon  
3,A driverless car invented by Google has completed over 300k miles and only had two accidents when humans in other cars hit it.
3,"Google Driverless Cars Freedom for the Disabled?Autism is just one example  News Roseville, CA and Sacramento Metro "
2,The future is upon us.  Just wait until we can summon an driverless Google pod for transportation.
2,Neil Driverless cars in andlt 5 yrs. Everyone else lol wrong. Reality 
3,"enjoyed your panel on Saturday, thanks for coming to Ottawa! Regarding driverless cars  theres hope! "
3,"based on how stupid some people drive, let's hope cars are driverless very, very soon"
2,There was a laundry cart accident in our apartment a minute ago. Driverless cars can't come fast enough.
2,Google driverless car is 12 magnitudes harder tech challenge vs. techpowered diagnoses. Which is more important?   HISUM
3,I'm fascinated by the idea of driverless cars. So's Sen. Risser who thinks WI could be a coldweather testing ground 
2,"Oh, then your car must be driverless.  Those bumper stickers were right all along."
3,"I boost driverless car  see huge benefits, esp more mobility for people who can't drive old, young, poor. But there is a downside NSA."
4,"Can't wait for driverless cars to come out! This is the first time I'm excited about motor vehicles, in my entire life."
2,"When the time came, I knew it'd look like an egg   Google unveils driverless car  "
3,Score! California becomes second state after Nevada to legalize driverless cars 
2, This startup is challenging Google's driverless car with a simple sensor   kinect...
1,Driverless cars will ruin the thrill of driving  
0,being systematically run over by driverless cars.
2,Can driverless cars be the cure to traffic? 
2,"Driverless cars will fix the taxi industry, except who will we ask how the economy is doing?"
1,Why do they take great concepts for cars driverless andamp electric and make them so intentionally unappealing..
2,driverless cars are on the way.
2,"Driverless cars coming to U.K. in 2017 LONDON CNNMoney  For the first time, driverless cars will soon be... "
2,"Part of me doesn't want to like this, part of me knows it's the future. A lap in Ford's driverless transit van. "
2,FBI Concerned About Criminals Using Driverless Cars  via 
4,"SKYNET  I am for driverless cars. Sick of the accidents, injuries, deaths, people driving recklessly all the time. It must stop."
3,There has been safe nearly driverless transportation for centuries.    Belt Railway 
4,Except trains are very capital intensive and have limited mobility. Driverless cars are the best of both worlds
2,"Missing the last driverless car, we were forced to take the shuttle to car rental. It's been years since I've had to improvise a mission."
2,This is how I imagine driverless Googlecars will end up parking all over the place. 
2,"So, they are gonna legalize marijuana and driverless cars?"
2,"If we're going to have driverless cars, we should also shoot for riderless bicycles. That'll knock cyclist deaths down to nothing."
2,Driverless cars get green light for testing on public roads in UK  
2,Also today on  do you think driverless cars are a good idea? cbcmtl
2,"WallE world is getting closer andgtandgt With a Push From Google, California Legalizes Driverless Cars  NYT "
2,Google forced to add steering wheels to driverless car designs 
3, Driverless future far closer than anyone dreamed via     let's hope so
2,Driverless car nohands  US 101 James Lick Fwy 
2,Burkhard Bilger Inside Googles driverless car.  via  selfdrivingcar  Technology
4,"I am so getting one! Hurry up KY!  With a Push From Google, California Legalizes Driverless Cars "
4,A driverless car?? I need to get me one of these 
2,"At High Speed, on the Road to a Driverless Future, via  Interesting but what if the camera's lenses get dirty "
1,Driverless cars by 2030.  Yeah...like they're gonna let all that DUI money just cruise off into the skynet sunset.  policestate
1, The FBI is worried driverless cars will be used as bombs   Looks like driverless cars are now dead.
3,I like the numbers here  How much will driverless cars really save us? 
3,Just saw a Google driverless car zoom by on Google campus!!!
1,A look at the roadblocks facing driverless cars 
2,what should prevent us from watching vids in driverless cars? Cars will safer wout us drunktexting
2,"As Google dreams of driverless cars, the Israel Defense Forces deploy them.  israel"
2,The driverless car storyline is the MOST Mike Judge element of 's Silicon Valley yet. Very Office Space or Idiocracy.
1,"yeah, but this is Google. Not a tupperware meetup. You can build a driverless car but can't set up high capacity wifi?"
3,Dudes who like driverless cars are all over this.
1,driverless trucks will make all these hours of service debates very silly when we look back on it in 15 years freight nasstrac
3,I think the best argument for driverless cars is that we could eat tacos while commuting
2,Driverless Fedex trucks loaded with drone packages that launch when close to destination.
2,"and you do have the driverless, steering less Google car..yes?"
4,Total believe it  Google's Driverless Car Is Now Safer Than the Average Driver  
2,"Amen, sister TRUTH  We can invent driverless cars, but can't create machines that accept noncrisp 1 bills?"
3,Driverless cars for NYC no more parking insanity MT  wouldn't it be nice if our cont 
2,Ann Arbor could get driverless vehicles by 2021 The University of Michigan is working with auto industry and... 
4,Burkhard Bilger Inside Googles Driverless Car   man I want a self driving car so badly!!
4,driverless  ? Ooooh that would be awesome!!
2,We have driverless cars... But i still have to iron my shirts.
3," Yes still cars, BUT combine a Driverless cars with  tech andamp Little PARKING needed. TOPoli. "
2,"driverless car, delivered by drone?"
2,What driverless cars by googs ? I guess bc I hate driving I have a stance 
2, How Google got states to legalize driverless cars   via   we need these!!
2, Googles Driverless Car and Morality 
2," Driverless cars will hit the UK's roads in January, after approved trials   awesome !!"
3,"By 2035, 75% of Autos Expected to Have Driverless Tech.  That's fantastic cuz I'll be 61 and fighting 2 give up my car"
2, Steeri  World's 1st Driverless Car App  via 
2, Seen At 11 Driverless Cars Zooming Our Way  QUICK SOMEBODY CALL DENZEL!
3,I can't wait for the day I can drunkenly stumble into my google driverless car and tell it to drive me to Texas.... then wake up there.
2,Cruise  Driverless Cars. 
3, Google unveils driverless car complete with no steering wheel  this is crazy! Watch both videos. Mind  blown
2, Are We Ready For Driverless Cars?  PBS NewsHour 
3,Saw a Google driverless car today... a Lexus RX hybrid...nice. I'm hoping that pilotless planes are next on the agenda. google tech
2,"What?! He's a purrfectly good driver! RT  Oh, this is what they mean by driverless cars.  fb"
2,California may soon have driverless cars. Are you game? 
2,where are you going to park this driverless car? Will you be able to park this driverless car for free?
2,Google's retrofitted driverless car captured  Googleplex 
2,"Top line CES2014 takeaways driverless cars, drones, and headphone headphones headphones..."
1,Cars will have killed us all by then RT  Driverless cars mean no more driver's licences by 2040 
2,Me too.  My goal is to have Google do this before my kids start driving  Susan Wojcicki on driverless cars me too
2,Google Plans to Launch 100 Driverless Cars by Next Year  DailyFinance 
2,"oh, and maybe we can pay Amazon  with bitcoins made with a 3D printer assembled by a robot in our driverless car yeah"
2,Will driverless cars eventually replace taxi drivers?
1,Driverless car rolls down hill 2 blocks in lower Queen Anne bouncing off parked cars. Nobody hurt. liveonkomo 
2,"Levanowski Google driverless car In God We Trust, all others bring us data energyideas "
2,That's exactly what will happen with driverless cars. Salesman will literally live on the road.
3,I think the Tracy Morgan crash may nudge acceptance toward driverless cars. I foresee highways for robot fleet vehicles in the coming years
2,California Will Start Granting Licenses For Driverless Cars In September   
1,This auto insurer is not happy about a future of driverless cars.  
2,"Examples of technology outpacing regulation in the news today drones, UberLyft, AirBnB, driverless cars."
2,it looks like GOOG is really serious about making the driverless car. 500M is nothing to sneeze at!
2,Driverless cars?!  Whaaaaaaa? 
2,Gov. Brown gives green light to driverless cars in California  Chicago Tribune 
3,Wish they'd hurry up and get those driverless cars on the road.  This pushing the gas pedal and paying attention is getting old.
2,5 years away until we see it on road  It will be legal for driverless cars to drive in California soon  
3,CEO on Board Qualcomm Sees Potential in Driverless Cars Eyesight for driverless cars. That is one market... 
4,They're coming out with driverless cars.... I'm in
3,"Wow, just saw a Google driverless car on 101. Cool!"
2,Tesla Talks Partnering with Google for Driverless Cars Tesla Motors is considering adding driverless technology... 
2,Rudderless Congress breaks driverless car. 
2,I wonder what programming languages MercedesGooglesetc are using to write the software for driverless cars.
2,Uber plans to use  driverless cars when available  
2,California okays driverless cars Can I take mine in a VW beetle and call it Herby? 
2,you can always ask the driver for your rating. Hopefully we don't have to worry about this when the driverless cars come out.
1,Seems like driverless cars are a scam to put  into Google andamp software giants instead of infrastructure for all trains.
2,Secrets to Google driverless cars!  
2, Britain Starting Driverless Car Tests Next Year   Epoch Times  YES!!!
3,"Driverless cars could hit local roads by 2020 Imagine being able to work on your laptop, or video conference... "
2,Snyder signs law allowing driverless cars to be tested on Michigan roads Dustin Walsh  Gov. Rick Snyder today... 
3,Saw a driverless car on the highway and played ball with a former Miami Dolphin. TodayWasAGoodDay fb 
2,Daily Talker Flying Car Or Driverless Car? A company in Woburn hopes to have the first flying car in production... 
2,"Molecular scanners on your smartphone, glow in the dark trees andamp affordable driverless cars? 2014 IS the future. "
1,"828 AM  The driverless cars took is to the wrong spot.  says, Damn Robots. I agree. We board a bus. DelucchiDoesGoogle"
3,My robot driverless car and me. scifi future google  Googleplex   w  pic 
2,buy the new google driver less car and expense it to  pearsonspecter
1,Ok can we talk about how the US doesn't wanna approve Google's driverless cars because of speeding ticket profits
3,California legalizes driverless cars!? Wtf! Right when I leave California too .
3,Looking forward to the future of the driverless car.    Millenials will more readily adopt
1,"No it won't, because I refuse to own one.  A Driverless Car will be the first real robot you'll own. "
4,"At a session, Watching and listening to head of googles driverless car program. Absolutely Fascinating!!"
2,. Driverless Logistics education event! Networking Education and baseball 
2,Great Scott! I thought Goggle would have the first driverless car. Will you show this in class? Are you in 2 or 4?
2,Driverless cab nyc  Brooklyn Bridge 
2,"Tampa fl has a driverless interstate currently being constructed will tie to atl, if does not apply. ? How did gov it pass voters"
2," UK to let driverless cars loose on roads by January  where we're going, we don't need roads TheFuture"
2,"Interior of the  driverless car, featuring the big red button that I didn't push. "
2,"If I can take a ride in a driverless car on a public street, theb I see no reason why my building can't wiggle a little G.Lynn archwhims"
2,true. I guess to work super reliably then EVERYONE would have to be in driverless cars
2,Wondering if driverless cars will trigger totally new designs for cars in a future?
4,So excited for the Google Glass and Driverless car demo just in a couple of minutes! yglsvs
1,The driverless car  headless horse
1, Driverless cars are now apparently an electionworthy issue?  seriously florida?
2,Snyder wants Michigan to approve driverless cars Michigan Gov. Rick Snyder said Google's driverless car is... 
2,Check out the latest in driverless cars here cbcmtl  
3,Would have been good for Teddy andamp Mary Jo K. Driverless car takes test run through DC... 
3," Why driverless cars are better drivers than humans. you agree? , do to they r programmed to obey law"
3,Very cool. RT  The Streets Of Ann Arbor Will Soon Be Filled With Driverless Cars 
2,"Driverless cars, the modern horseless carriage. fb"
3,I love that Google got tired of retrofits on existing cars and said fuck it! We'll build our OWN driverless cars! 
2,Driverless car  Mobile LiDAR  MT Another use for DriverlessCars besides transport via  
2,LEAKED Spy Shots of new  driverless cabs in testing! 
2,I didn't think about these scenarios in the driverless world Should your driverless car kill you to save a child? 
2,"If a driverless car gets pulled over for speeding, who pays the ticket?"
1,"Q Why are driverless cars all Prius? A Driving a Prius doesn't feel like driving, its like chewing prechewed gum. Bland and pointless."
2,was just talking about this the other night with . It only makes sense that the driverless car is a Tesla.
2,"exactly. Total miles likely way up with uber, ridesharing. And eventually driverless"
2,Google is serious about driverless cars. 
2,"Home automation and driverless cars are the future. Google is now a leader in both. In 25 years, automated cars will be the norm."
2,"Has no one seen iRobot? robottakeover  RT  W a Push From Google, California Legalizes Driverless Cars "
2,no I just saw one and had some thoughts about driverless cars and mobile isolation cells and dystopia
2,Nope  48% of Americans would ride in a driverless car if possible. Would you?  
2,Driverless cars verses drones for your future delivery?
2,  Google's driverless car in action.  HERE WE GO
2,Google's driverless car has driven 500000 miles in CA already. yptbwp
2,Inventing Tomorrows Jobs  3dprinting driverless drones timebroker future awesome tech
2,"Driverless cars, ubiquitous wireless internet andamp electricity, growing andamp printing organs... LENR next? theFutureisNOW theSingularityIsNear"
2,Driverless cars to hit public roads in Britain by January 2015 
2,IBMInnovate  expanding system complexity internetofthings Driverless cars are coming!
4,"You could call a driverless car and tell the car , it will take you there.  Whoo Hoo"
1,"Driverless cars could increase pollution, warns  "
2,"Oh,  was it a google driverless car?"
2,Monumental RT California Governor Brown signs bill clearing use of driverless cars on public roads video   
2,The first driver less car was just made.
2,Could driverless cars change everything?  TechTuesday 
2, Audi is testing their driverless car in Tampa Florida today. The license plate 
2,Detroit Auto Show UM to build fake downtown to test driverless cars The testing site will be built on what... 
3,"Driverless Cars  Still A Distant Dream Work Faster, Google! "
1,RT  Why Driverless Cars Won't Save The Environment by  
2,. likes to brag about all the jobs its creating while promising it'll use driverless cars ASAP  by 
2,Week in review New law allows testing of driverless cars Duggan picks cabinet members ForeSee acquired... 
2,Driverless cars?
3,My driverless cars will side swipe idiots on bicycles and stupid pedestrians.
2,Google is launching Internet balloons and driverless cars. Apple is introducing Dark Mode. Nail andgt Coffin.
3, Google's Driverless Car Is Now Safer Than the Average Driver    check this out for John!
2,Looked like googles driverless car but it was only this 
2,Driverless Cars and Jevon's Paradox. 
2,RT  Breaking News CA cancels driverless cars on state hwys as the cars were driving to TX and TN in search of a better life.
2,ha i can see that! Or driverless cars that run on sidewalks belt line? Thoughts supernovasouth
2,Ann Arbor Could Get Driverless Vehicles By 2021 ANN ARBOR WWJAP  The University of Michigan is working with... 
2,have you heard that the  driverless car is now street legal in not only Nevada and Florida but California too?
2,California is going to start offering licenses for driverless cars this year. Jetsons didnt see that one coming... 
2,California Will Start Granting Licenses For Driverless Cars In September 
1,Driverless cars??? Could we get ANY lazier??? What happened to driving being FUN? makeitstop
4,The age of driverless cars cannot come soon enough. 
2,No comment response on solar roadways in correlation to the Google driverless cars. I'm taking that as a yes.  integrate14
4,Driverless car appeals to me instead of the real estate chauffeur one can become  
2,"Driverless Cars For 10,000? This Startup Is Challenging GoogleWith A Simple Sensor  tech "
1,tear  Driverless Cars Are Further Away Than You Think 
3,RT  WSJ's auto critic Dan Neil on why driverless cars are inevitable and why that's a good thing 
2,The way some people are glued to their phones we may already have driverless cars.
2,Google driverless car looks very similar to SteveUrkel's car. Lol 
2,Just encountered one of these!  driverless car. 
2,"1 Its driverless! Thing could run on cute baby seals, wouldnt be part of initial news. 2 Googs is from CA, not MI expected"
2,UK paves way for driverless cars 
2,Really now?! FBI Afraid Criminals Will Use Google's Driverless Cars For Freeway Shootouts  
2,"Hang on, Dusty Eyes stops me from getting in another driverless car. I checked a bag. You can do that on a private jet? He shrugs."
2,hisum Khosla's mom saw a doctor at the birth of her children andamp at age 60 for the first time. Driverless car is more complex solved problem
3,that's a smarter move. Invest in driverless cars.
0,"yes, I just meant in the sense that people on it aren't driving. We don't need f'n driverless passenger cars."
2,"If you can imagine Google's driverless car, but voiced by Elaine Stritch, then you can imagine my mother"
2,"At High Speed, on the Road to a Driverless Future  "
2,"Google brings its driverless car to Austin Google, which has been developing and touting the future of selfpil... "
2,"Future Premier , California will allow driverless cars on their roads in  2 years. Will BC embrace the future and do likewise?"
2,Tesla considers driverless cars in partnership with Google  amazing
2,Already have driverless mine trucks in the Pilbarra.
2,Also on  driverless robot cars a boon to mankind or a slippery slope to economic failure and class warfare? cbcmtl
2,"I drove to work today but by 2020, my car will drive me! Tune into  2 find out when U can ur driverless car "
3,"Google self driverless car has 2 buttons, no steering wheel, and no brake pedals.  Im definitely loving it.  tech innovation"
1,"Not only are there legalregulatory concerns with driverless cars, theres a matter of societal trust. goodpoint cas13"
3,I can not wait for driverless cars to be the norm on highways!
2,.  Re driverless cars 
3,WSJ's auto critic Dan Neil on why driverless cars are inevitable and why that's a good thing  roadsoady notickets
2,Google's new driverless cars Robotaxis  no brake pedal or steering wheel  taxi google
2,If you are in SF maana get educated on the commercialization of the driverless car  by . My fav 
1,Driverless cars... What do u think? I don't like the idea 
1, Google's Driverless Car Is Now Safer Than the Average Driver    I will never get one of these. I drive.
2,How will driverless cars affect our cities? 
2,Are the feds cool with driverless cars?  BBGNBT 
1,The Driverless Car Revolution Should Not Begin with Cars    via 
2,Will Nascar andamp Formula One ultimately allow driverless cars in their races??
1, Detroit Unhappy with Google's Push for Driverless Cars  tech cars
2,Driverless Cars Now StreetLegal in California  RT 
2, Interesting White Paper on how driverless cars could affect auto insurers  thanks Anne great insight
4,The driverless car is a great idea for someone like me who has an eye condition that makes me unable to drive a car.
2, UK to rewrite road laws to pave way for driverless cars  yessssss
2,These cars driving by themselves  there are no actual drivers. cars driving nodrivers driverless 
2,"This Week In Bots Google's Driverless Cars, Sure, But Are You Ready To Fly With A Robot Pilot? "
3,"As of August 2012, Google's driverless cars have driven for over 300k miles. Only two accidents were reported during that time."
2,"'s driverless car will still drive better than most Massachusetts drivers, eh, ?  "
2,First Jetsons reference during driverless car discussion! cas13
2,Will driverless cars provide disruption in the overshot car market? Less superfluous stuff to sell to a less involved ego  cheaper cars.
2,Google forced to add steering wheels to driverless car designs   We were just talking about this.
2,Bump for great justice RT   How driverless cars could reshape automobiles and the transportation system 
2,Qualcomm wants to make eyes for driverless cars 
2,"on driverless cars amazing govt's not looking seriously, risk 50B Big Move White Elephant onpoli "
2,"Too late Detroit, driverless cars are here  "
2, Driverless cars will soon be making their way through the streets of the U.K.  
3,Sit back and nap and play board games and watch Netflix while our driverless car takes us across country  where do I buy?
0,"Driverless cars are terrible. How can anyone be a fan of them. I mean, c'mon!!!"
2,California Will Start Granting Licenses For Driverless Cars In September  via 
2,besides drone? Via Google Driverless Car?
2, California Governor Brown signs bill clearing use of driverless cars on public roads video    YES
2,Driverless cars are the compatibility mode between trains and unwalkable suburbs until we can retrofit them all.
2,. techpanel supposed to be about future of cars in andlt 5 years. Was mostly about driverless in 15. Lots will happen before then
2,California sets regulations for testing driverless cars 
3,I've been fascinated about this for a while. Driverless caravans will be the future.
2,Ann Arbor could get driverless vehicles by 2021 The University of Michigan is working with auto industry and... 
2,"acuhoi In 2025 driverless cars, thought controlled robotic motion, holographic sensors, virtual reality, activism..."
1,What intersections would look like in a world with only driverless cars. I literally winced the whole time... 
2,Driverless cars bill signed by Gov. Jerry Brown Nearly 50 years to the day after The Jetsons debuted on ABC f... 
2,Scary RT  In which 's driverless car transforms American food culture 
4,"Can't wait for  driverless cars. Soon, we'll rarely drive and so many lives will be saved"
3,. dreams of owning Mr Bean type Google driverless car.  dreams of Matt's Bean imitation 
2,"Wireless skins, accident proof trains and driverless cars Hitachi CTO Hu Yoshida  by  bigdata via "
2,How will driverless cars affect our cities? 
3,sees driverless cars being available to consumers in 35 years  Boom for happy hours?
2,Ann Arbor could get driverless vehicles by 2021 UM is working with auto industry and government officials on... 
3,Google Driverless Car. This changes everything in business. google googledriverlesscar dmv 
2,get Bezos on those Amazon Drones for the Cap America shipping. Or the  driverless car.
2, Driverless cars bill is signed  
2,Just met a driverless car at an intersection
3,Can't believe that in less than 5 years you'll be able to own driverless car ! googlecar
1,I am the Google driverless car today  I keep not going where I intend to go.
2,Uber will go driverless.
2,Flightless drones! Ahh.  DMV seeking input of rules for driverless cars 
2,The google driverless cars should have an I'm feeling lucky button that takes you to a random location.
1, Google's driverless car looks like a koala that just remembered something embarrassing from10 yrs ago. 
2,University of Michigan is building a fake city for driverless cars   technology futurology 
2,"No. Uber will be driverless cars. It's a natural progression, Uber Drivers will be disrupted."
2,Driverless cars means having no one to flip off...
2,"I'm waiting for, it requests a Google driverless car when you tap on the button. "
2,"Soon,driverless technologies will find their way to the trucking industry. Read this article.  follow us "
1,No on the driverless truck for now andamp Boone s NatGas Truck idea is ! Be like havin bombs drivin with lil people next 2 em !
4,Amazon Prime Air almost as incredible as Google's driverless car 
1,"driverless cars, wtf!?!?"
2,Driverless Trans team field trip day!  Going to Morgantown to ride the podcars  Currently on the road.
2,"With a Push From Google, California Legalizes Driverless Cars "
3,Driverless car no problem. Automatic sink and paper towel in a rest room and nothing works without vogueing.
1,Colorado driverless car bill shelved until further notice A bill to allow driverless cars on Colorado highways was... 
2,James Bond will ride in a driverless Aston Martin that incapacitates villains with Nerf bullets and silly string. 
2,what about manhattan or should Cleveland should build spaces to temporary store your driverless car?
1,Why is the driverless car prototype a Prius? That is a bad ideer.
2,California Governor Brown signs bill clearing use of driverless cars on public roads video  via 
2,"If a driverless car runs over someone during a race, who's to blame?"
3,"As soon as I can buy a driverless car, I'm going get one and backroad across the country."
1,. working wGoogle on algorithms for driverless cars to annoy bike riders. MirrorTap  RtRedLightRoll  CrosswlkIgnore kidding
3,I'm glad that driverless vehicles are being legalizes in one state already but they probably will not 
2,They made a driverless car
3,A driverless car invented by Google has completed over 300k miles and only had two accidents when humans in other cars hit it It's a Prius
4,I love these times from age of horse less to driver less travel MT  Google To Build Its Own Driver less Cars 
2,Driverless car bill is signed in California at Google headquarters 
2,will be at  in 2 weeks! Any new CES2014 trends you want us to talk about? Driverless car? 3D printing? Time Travel?
2,Your BTR hit for this week regarding driver less cars can be seen here 
2,Gov. Brown gives green light to driverless cars in California  Chicago Tribune 
2,"These over a Bynes or Lohan car, right? RT  Driverless Cars Now StreetLegal in California "
3,"So if Google Glasses are banned for drivers, just use a Google Driverless Car! "
4,I want a Google driverless car.
2, Would you get in a driverless car?  takes you inside of one now! Sure!
2,"Hey Googlegirl, tell me you got to ride in one of those driverless cars "
0,"828 AM  The driverless cars take us to the wrong spot.  says, Damn Robots. I agree. We board a bus. DelucchiDoesGoogle"
2,"A police car, several, have driven by the driverless truck with its motor or something running through night."
2,"Meet The 10,000 Sensor That Could Make Cars Driverless  "
2,"SolarInfrastructure, SolarElectric car andamp truck, Mini car, alliance with google to make Driverless car. SolarElect Plane..."
2,MT  Driverless cars N selfdriving seat   googleme 2 bigdocc  8am
1,They want us to believe a selfdriving car malfunctioned but this is a Google STREET VIEW car NOT a driverless car. 
3,Taking a ride in a driverless car! furtherwithford  Ford Test Track 
3,"Oh, I95, you do me so wrong. Driverless cars can't come soon enough..."
2,"Well, not without driverless cars, completely automated factories and stores, etc. Someone needs to be around to produce."
2,DMV Hosts NorCal Workshop To Create Rules For Driverless Cars SAN JOSE CBSAP  With auto officials saying... 
2,Yes  Could driverless cars solve distracted driving?  
2,Driverless cars ? Honda ? Said no one ever ! really worldpeaceinstead  
2,"I saw one of these this weekend in Phoenix  Driverless cars we should question and challenge Google, but not as haters"
1,"Driverless cars using Google Maps, what could go wrong?"
2,MT  A real driverless car. A company DETERMINED TO DRIVE CHANGE. 
2, UK To Put Driverless Cars On Public Roads By January  by 
2,Google unveils a prototype of its new driverless car.  It has no steering wheel or diver pedals.
2,"The demand for cars is greater than human availability to drive cars safely and efficiently. Hence, driverless cars for hire."
2,Google to build prototype of truly driverless car   
3, A Look At How Driverless Cars Will Make Intersections So Efficient It's Scary by  
2,Really thoughtful take on potential impact of driverless cars  via 
1,"Know what is going to kill driverless cars? The speed limit, and not being able to pass within three feet of cyclists."
2,Reading  Driverless cars could cripple law enforcement budgets Colin Neagle 
2,"economic impacts of driverless cars  ignores demand elasticityimpacts on sprawl, CO2, oil use if driving is cheaper"
2,Drivers on  making 90kyr Driverless car is a multidecade transition. Let's take a breath and I'll see you in the year 2035
3,BMW hits the performance limits with its driverless car via  
2,Driverless cars get green light in California 
2,"That's just a normal day, Kevin. Wait until you see the driverless Google car. Welcome to Silicon Valley."
3,"free uber 30 for you, 30 for me  cause nyc will be safer for bikers when its full of their driverless cabs "
3,"sure, but  will look expensive next to driverless vehicles"
4,is making driverless cars which is awesome 
2, Is Google's new driverless car the future of driving? 
4,"Riding in a driverless car is on my bucket list, this is so damn exciting. Google "
2,"Looking for a completely driverless Camry?  Sorry, but Toyota believes control should remain with the "
2,One of my professors worked at Apple on the first iPhone andamp now works at Google on Google Glass andamp driverless cars.  Life. Officially. Made.
0,watched the video now that I'm home from work. WTF. I thought we were getting a driverless car not some Orwellian Big Brother shit.
2, Google's new driverless car has no brake pedal or steering wheel   NOT COOL.
2,Elevated lanes of Florida toll road close for tests of driverless cars  Background 
2, What Doesn't Kill Us Makes Us Stronger  andlt Google driverless cars and antifragility
2,DMV releases draft rules for driverless cars The California Department of Motor Vehicles has posted draft rules... 
3, Driverless cars to be tested in California  I'll soon fulfill my childhood dream of owning KITT!
2,i was watching tv an they said that driverless cars are gonna be hitting the streets in about 5 years...
2,"Not driverless, but very promising considering it's classified as a bike and is legal on roads "
2," Video California legalizes Googles driverless cars. ha!, you said it wouldnt happen. "
2,This startup is challenging Google's driverless car with a simple sensor  
2,We hop in a driverless car and head back to the Googleplex for another day of GoogleAllStars. Another feast. I have the eggs again.
2,Is this  cover only about driverless cars  or also about the  ?? donothingcongress teabagtreason
4,Driverless cars could also end drunk driving forever and save lives.   
0,"Google driverless car is not viable , insurance companies would have no part of it."
2,"How Google got states to legalize driverless cars About four years ago, the Google team trying to develop cars... "
3,Can I interest you in something in blue?    MT Google's driverless car Good news for bad drivers 
2,Gov't regs drive tech to make cars cleaner and safer. Driverless cars are next. Maybe we need tech to make guns that can't fire at people?
3,Crazy it's possible we'll see the day when our drunkasses are being driven around by driverless taxis by  
2,"Hey, so does my life!  Google's newest driverless car has no steering wheel or gas pedal and only 2 buttons start and panic"
2,"Massachusetts Institute of Technology, Ford to work on driverless car The Massachusetts Institute of Technology,... "
4,I would like to go for a drive with these guys. Driverless cars will be the safest cars ever cas13 
2,where do you park this driverless car once you reached your destination?
4,"My first ever tweet while cruising in a driverless car. Mindboggling, sensorial experience. Thx Google. whoahorsey "
3,Driverless cars that go to regional rail stations are literal the best possible solution here.
2,"That's only currently. As society moves towards urban centers and driverless cars, do you think that will affect handheld sales?"
2,they should start with driverless buses.
2,"Space Shuttle simulator, check. Driverless car simulator, check."
2,Mass transit based on driverless cars is coming! Helsinki's ambitious plan to make car ownership pointless 
3,UberPool is going to be a big deal.   Get that working with a driverless fleet? Thats enough to make Walt Disney cry.
1,1 barrier to driverless cars  insurance liability. Who's cause of accident?    
2,UK to allow driverless cars on roads 
3,Just saw a man being driven around in the passenger seat of a Google driverless car. MindBlown
2,"Watching presentation by google vp, Sebastian Thrun  lead of the driverless car!"
1,sorry I know driverless cars are a great thing I just worry they'll reduce ins entice on actually improving infrastructure.
3,"Just about the time the DMV says I can no longer drive,I can still get around w a driverless car!"
1,I don't think I understand the point of a driverless vehicle.
2,Blind man drives Google driverless car.   automotive aid 
2,A review of one the driverless cars at CES  CES21014
2,Is There A Driverless Car In Your Future?  driverlesscar driverless
2,What Google's Driverless Car Future Might Really Look Like  by 
4,Google developed a driverless car. Now that's fucking chill.
2,Think of your driverless car as a very friendly horse. It can do without you but chooses to let you have control 
2,Audi made a driverless car. 
2,Fake Google driverless car crashes through Manhattan andgt  FATLab
2,Two posters to celebrate the launch of Google's driverless car!   
1,Ploop! FBI warns driverless cars could be used as 'lethal weapons'  
2,Ann Arbor Driverless Car Test Site Gets Industry Partners By DAVID RUNKAssociated Press DETROIT AP  General... 
2,At 453am we'll get a look at 's driverless car. LiveOnKUTV2
4,SO MUCH AWESOME! Amazing video for Googles Next Phase in Driverless Cars via  
1,The driverless cars in the movie I robot more realistic.
1,I just woke up from falling asleep on the couch had the craziest dream that Google made driverless cars... Say it ain't so...
2,Driverless Car Tested in D.C. Streets technology 
2,The current state of driverless cars  
3,"Can't wait for driverless vehicles to be the norm, obviously we are a while away cause it's still spell checked as a word "
2,UK to allow driverless cars in January 
3,I want one driverless vehicle. Just like a pilot using autopilot. Coming on 2015.  omg excited automotive
2,"Insurance 2023 forum on the future of insurance, client communication and driverless cars!  Royal Ontario Museum "
1,we don't need driverless cars to decrease our dependence on fossil fuels  no connection  
2,"Hard to wrap my head around driverless cars, but CA is down with them, apparently. Via  "
2,Does Google's driverless car mean the kids can take themselves to school? No more pushy parents in BMWs or Escalades?
3,We'd love to have driverless cars at ...would cut out biggest cost...make rides much cheaper  CodeCon 
2,I suppose I should have said Apparently Georgia already has driverless cars.
2,"Your nightmare is Google monetizing driverless cars with promoted destinations, and lingerie stores get ad budgets .. yeah .."
2,Driverless cars will be trialled in up to three UK cities from January. 
2,University of Michigan Builds Fake City For Driverless Car Testing 
2,Driverless Cars and Bicycle Sculptures nuitblance toronto  Nathan Phillips Square 
2,says of her experience in Google's new driverless car I wanted to drink. I wanted to text and drink. codecon
2,Google's moonshot idea use driverless cars in cities as a public health initiative to eventually phase out fatal accidents by human error
2,Yep  13 things Google's tiny new driverless car looks like  12 Totoro 
2,Sergey Brin unveils new Google driverless car prototype 
2,Do you think driverless cars are the future of transportation? 
1,This story is everything... Rudderless Congress breaks driverless car  via 
3,A 10K box on the roof turns your car driverless. Pretty cool if they can get it to market. 
2, CEO Steve Mollenkopf shares his thoughts on driverless cars andamp more at codecon.  here's mines Terminator!
2,DMV seeking input of rules for driverless cars 
2,"!!!! RT  With a Push From Google, California Legalizes Driverless Cars "
1,Actually that's not as crazy as it sounds. Better they pay newspapers than build driverless cars.
2,From driverless cars to driverless aerial vehicles .. A GOOG experiment to attract talent in the near term.  
3,I want a driverless car now
2,Interesting thought experiment on ethics of driverless car. 
4,Google Survey just asked if I'd use a driverless car. I only wished they had an Hell Yes as a radio selection. cantWait takeMyMoney
3,that baby is driverless!
3,We're about to get hands off with the driverless  in Las Vegas. This is going to be an experience. CES2014 cartech audi
2,When driverless cars break the law There is little doubt that the technology behind driverless cars is nearly... 
2,"can help  Nondriverless cars kill 1,240,000 humans per year. 1MA  "
2,Perhaps the driverless car could pick up a sex worker? That would be fitting given the audience.
2,Nevada is one place driverless cars are being tested  the weather conditions make that an exciting place to test. cas13
2,"Trying to gauge the unintended consequences of driverless cars The Future of Driving, via  "
3,"I want the driverless car, and BAD. Seriously I would be happy if tomorrow morning there were no drivers behind the wheel."
4,"Automotive technology Driverless cars will reduce accidents, ease congestion."
2,just caught the show. I'm picturing driverless cab co's in NYC.. Those guys would be printing money.
2,Michigan is not going to sit by and watch that revenue take a dive because the law allows driverless cars.
2,Jerry Brown signed into law a bill that allows driverless vehicles to be in public streets in California. Welcome to the Future.
